
('/*Create database Studentmanagementsystem contain  "Student" table with the following a columns:StudentId,FirstName,lastName'),
(' and "Course" table with the following a columns: CourseId,CourseName '),
('and Enrollment table with the following a columns:EnrollmentID,StudentID(Foreign key),CourseID(Foreign Key).'),
('You want to use inner join to generate a list of all possible student-course combinations.*/'),
('mysql> show databases;'),
('+-------------------------+'),
('| Database                |'),
('+-------------------------+'),
('| aggregation             |'),
('| bank                    |'),
('| BankAccount             |'),
('| bkbirla                 |'),
('| e_commerce_order_trends |'),
('| ecommerce               |'),
('| HARRY                   |'),
('| harryjoins              |'),
('| information_schema      |'),
('| joins                   |'),
('| mysql                   |'),
('| performance_schema      |'),
('| SampleDB                |'),
('| schoolDB                |'),
('| storeProcedure_eg       |'),
('| StuDeatails             |'),
('| Student_info            |'),
('| student_management_sys  |'),
('| StuDetails              |'),
('| sys                     |'),
('| testdb                  |'),
('+-------------------------+'),
('22 rows in set (0.06 sec)'),
('mysql> create database Studentmanagementsystem;'),
('Query OK, 1 row affected (0.03 sec)'),
('mysql> use Studentmanagementsystem;'),
('mysql> create table Student(Student_id varchar(6) primary key not null,FirstName varchar(10) not null,lastName varchar(10) not null);'),
('Query OK, 0 rows affected (0.06 sec)'),
('mysql> desc Student;'),
('+------------+-------------+------+-----+---------+-------+'),
('| Field      | Type        | Null | Key | Default | Extra |'),
('+------------+-------------+------+-----+---------+-------+'),
('| Student_id | varchar(6)  | NO   | PRI | NULL    |       |'),
('| FirstName  | varchar(10) | NO   |     | NULL    |       |'),
('| lastName   | varchar(10) | NO   |     | NULL    |       |'),
('+------------+-------------+------+-----+---------+-------+'),
('3 rows in set (0.00 sec)'),
('mysql> insert into Student values('S101','Amisha','Khan'),('S102','Mannan','Ansari'),('S103','Fatima','Khan'),('S104','Nazmin','Shaikh'),('S105','Arshiya','Khan');'),
('Query OK, 5 rows affected (0.01 sec)'),
('Records: 5  Duplicates: 0  Warnings: 0'),
('mysql> Select * from Student;'),
('+------------+-----------+----------+'),
('| Student_id | FirstName | lastName |'),
('+------------+-----------+----------+'),
('| S101       | Amisha    | Khan     |'),
('| S102       | Mannan    | Ansari   |'),
('| S103       | Fatima    | Khan     |'),
('| S104       | Nazmin    | Shaikh   |'),
('| S105       | Arshiya   | Khan     |'),
('+------------+-----------+----------+'),
('5 rows in set (0.00 sec)'),
('mysql> create table Course(Course_id varchar(6) primary key not null,CourseName varchar(10) not null);'),
('Query OK, 0 rows affected (0.01 sec)'),
('mysql> desc Course;'),
('+------------+-------------+------+-----+---------+-------+'),
('| Field      | Type        | Null | Key | Default | Extra |'),
('+------------+-------------+------+-----+---------+-------+'),
('| Course_id  | varchar(6)  | NO   | PRI | NULL    |       |'),
('| CourseName | varchar(10) | NO   |     | NULL    |       |'),
('+------------+-------------+------+-----+---------+-------+'),
('2 rows in set (0.00 sec)'),
('mysql> insert into Course values('C101','IT'),('C102','CS'),('C103','Finanace'),('C104','IT'),('C105','Bsc');'),
('Query OK, 5 rows affected (0.00 sec)'),
('Records: 5  Duplicates: 0  Warnings: 0'),
('mysql> select * from Course;'),
('+-----------+------------+'),
('| Course_id | CourseName |'),
('+-----------+------------+'),
('| C101      | IT         |'),
('| C102      | CS         |'),
('| C103      | Finanace   |'),
('| C104      | IT         |'),
('| C105      | Bsc        |'),
('+-----------+------------+'),
('5 rows in set (0.00 sec)'),
('mysql> create table Enrollment(Enrollment_id varchar(6) primary key not null,Student_id varchar(6) not null,Course_id varchar(6) not null,foreign key(Student_id) references Student(Student_id),foreign key(Course_id) references Course(Course_id));'),
('Query OK, 0 rows affected (0.02 sec)'),
('mysql> desc Enrollment;'),
('+---------------+------------+------+-----+---------+-------+'),
('| Field         | Type       | Null | Key | Default | Extra |'),
('+---------------+------------+------+-----+---------+-------+'),
('| Enrollment_id | varchar(6) | NO   | PRI | NULL    |       |'),
('| Student_id    | varchar(6) | NO   | MUL | NULL    |       |'),
('| Course_id     | varchar(6) | NO   | MUL | NULL    |       |'),
('+---------------+------------+------+-----+---------+-------+'),
('3 rows in set (0.00 sec)'),
('mysql> insert into Enrollment values('E101','S101','C101'),('E102','S102','C102'),('E103','S103','C103'),('E104','S104','C104'),('E105','S105','C105');'),
('Query OK, 5 rows affected (0.01 sec)'),
('Records: 5  Duplicates: 0  Warnings: 0'),
('mysql> select * from Enrollment;'),
('+---------------+------------+-----------+'),
('| Enrollment_id | Student_id | Course_id |'),
('+---------------+------------+-----------+'),
('| E101          | S101       | C101      |'),
('| E102          | S102       | C102      |'),
('| E103          | S103       | C103      |'),
('| E104          | S104       | C104      |'),
('| E105          | S105       | C105      |'),
('+---------------+------------+-----------+'),
('5 rows in set (0.01 sec)'),
('mysql> select Student.Student_id,Student.FirstName,Student.lastName,Course.CourseName,Course.Course_id from Enrollment inner join Student on Enrollment.'),
('Student_id=Student.Student_id inner join Course on Enrollment.Course_id=Course.Course_id;'),
('+------------+-----------+----------+------------+-----------+'),
('| Student_id | FirstName | lastName | CourseName | Course_id |'),
('+------------+-----------+----------+------------+-----------+'),
('| S101       | Amisha    | Khan     | IT         | C101      |'),
('| S102       | Mannan    | Ansari   | CS         | C102      |'),
('| S103       | Fatima    | Khan     | Finanace   | C103      |'),
('| S104       | Nazmin    | Shaikh   | IT         | C104      |'),
('| S105       | Arshiya   | Khan     | Bsc        | C105      |'),
('+------------+-----------+----------+------------+-----------+'),
('5 rows in set (0.00 sec)');